kordinater;grund;tid
55.87101675123631, 12.245590586706486;vej lukket pga sne;04-01-2024-13:11
